reed, seed, seen, sean, span
mail, mall, male, dale, dare
same, came, case, ease, east
wild, mild, mile, male, dale
dave, date, mate, math, oath
pose, pole, poll, toll, tool
want, went, tent, tend, lend
goes, toes, tons, tone, cone
reds, beds, bees, been, teen
jake, bake, base, bash, bath
nope, note, nate, date, dale
bold, boyd, boys, boss, loss
bone, bore, sore, sure, surf
wire, wine, wins, sins, sons
corn, worn, word, wood, mood
plan, clan, chan, chat, coat
ross, moss, mass, mars, cars
belt, beat, bean, lean, leon
hope, pope, pose, post, past
bail, ball, call, carl, cart
post, port, part, park, dark
rack, rick, rice, ride, rude
meat, heat, head, lead, lend
bets, bits, tits, ties, toes
cent, cant, cans, caps, gaps
cash, case, cave, dave, dive
span, sean, seat, sent, tent
face, fate, nate, note, nope
foul, fool, food, fond, fund
same, came, care, cure, cute
fail, fall, fell, felt, feat
fist, list, lost, loss, less
clip, chip, ship, shop, shoe
food, ford, fork, pork, park
cake, sake, sale, sole, solo
note, nose, lose, lost, cost
boat, beat, bent, tent, text
fury, bury, busy, bust, dust
part, cart, carl, call, cell
tell, fell, feel, feed, fred
cube, cure, care, bare, babe
save, cave, case, base, bass
cunt, cant, cart, care, cage
mall, ball, bald, bold, boyd
fine, five, give, gave, gate
park, pack, pick, mick, milk
made, wade, wide, wife, wifi
tony, pony, pond, fond, ford
haul, hall, halt, hart, harm
foot, fort, port, post, pose
cart, carl, call, fall, fell
feat, seat, sent, tent, tend
hack, rack, rank, rand, raid
code, cole, cold, gold, golf
wave, cave, cape, cope, hope
gold, cold, cole, cone, lone
have, hate, mate, math, path
jose, nose, note, nate, gate
wool, cool, coal, coat, goat
long, lang, land, laid, maid
pass, mass, moss, most, must
wide, wine, mine, mile, mill
bone, cone, coke, cake, fake
west, best, belt, bell, tell
chat, coat, cost, post, poet
seek, seen, sean, scan, scam
sits, bits, bats, bass, boss
sins, sink, sick, rick, risk
lane, lang, hang, hans, cans
cute, cuts, nuts, nets, gets
pigs, piss, pass, pays, says
dead, dear, tear, team, term
thus, this, thin, chin, chip
dont, done, tone, tony, tiny
bean, beat, best, bust, must
wipe, pipe, pope, cope, cape
lime, like, mike, mile, milk
seas, seat, sent, tent, tend
cave, came, lame, lime, time
size, site, sits, sims, aims
sand, send, sent, rent, rest
rice, rise, rose, pose, post
wine, fine, find, fond, font
none, nine, fine, fire, tire
lone, lane, land, rand, raid
find, mind, mins, sins, sons
case, cape, caps, cops, tops
carl, care, cake, jake, joke
wide, wine, nine, none, gone
hike, mike, mice, vice, vibe
lang, hang, hand, hard, hart
sits, sets, seas, seat, feat
sure, sore, some, rome, rose
slow, glow, grow, grew, drew
mind, mild, mill, hill, hull
fare, farm, warm, warn, worn
hall, tall, toll, told, todd
cord, core, care, fare, fade
pill, mill, mile, mike, hike
life, like, hike, hire, here
loan, lean, dean, dear, gear
fade, fare, fire, file, pile
cops, tops, toys, boys, buys
head, read, reid, raid, rail
jack, pack, pick, pics, pigs
jury, bury, busy, bust, dust
made, male, mall, mail, maid
bits, bite, bike, nike, nine
mary, mark, park, para, papa
toll, roll, role, rose, rosa
dock, lock, lack, lace, lame
five, file, fill, fall, fail
piss, pass, bass, bars, ears
wait, walt, wall, tall, toll
lost, lose, lone, line, wine
cans, cars, care, core, wore
send, lend, land, lane, late
lots, loss, toss, toes, ties
june, jung, hung, hang, gang
tear, hear, heal, hell, cell
sent, cent, cant, cast, past
bark, park, part, port, post
aims, sims, sins, mins, mind
head, lead, lend, lens, tens
sore, wore, wire, fire, five
porn, port, part, hart, hard
poem, poet, port, porn, horn
dear, dean, sean, seen, seem
rise, rice, mice, mile, mill
jake, lake, lane, lang, wang
dont, wont, want, wang, yang
spam, span, sean, seat, sept
rare, fare, farm, firm, film
mate, rate, race, rack, rick
pins, pine, nine, none, bone
sets, pets, puts, cuts, cute
wait, want, cant, cart, card
hard, hart, part, past, pass
swan, sean, dean, dear, near
bean, beat, bent, cent, cant
lake, like, line, fine, finn
oath, math, mate, late, lane
told, bold, bolt, boat, coat
farm, fare, fame, came, camp
fate, hate, hats, cats, cuts
meal, meat, seat, sent, rent
jury, bury, busy, bust, just
bang, band, bond, bone, gone
walt, walk, talk, tank, rank
kill, mill, mall, mail, main
dull, dual, deal, meal, meat
tend, bend, bond, fond, food
join, coin, corn, worn, wore
coke, core, care, dare, date
sums, sims, sits, sets, lets
page, cage, cape, caps, cans
note, none, nine, mine, mini
seth, beth, bets, beds, reds
dong, done, cone, core, corp
rare, fare, fire, fine, wine
rank, tank, talk, tall, tell
corp, core, bore, bare, bake
lamb, lame, lake, bake, babe
flat, feat, seat, sean, swan
nate, name, lame, lime, time
dope, cope, core, cord, lord
bets, bats, cats, cars, carl
belt, bolt, bold, cold, cole
sore, some, same, game, gave
hype, hope, cope, cops, cups
visa, lisa, list, lost, post
kept, sept, seat, meat, meet
keen, teen, then, than, that
miss, mins, sins, sing, sang
rode, code, core, corn, horn
late, lane, lone, done, dont
ward, word, ford, fold, bold
sent, seat, sean, lean, leak
laid, land, lend, lead, load
poem, poet, post, past, fast
joan, jean, dean, deal, dual
zone, lone, line, wine, wipe
hear, heat, neat, nest, test
yell, fell, feel, feed, fled
bone, cone, cole, sole, solo
coat, boat, beat, bear, year
seen, sean, seal, sell, cell
sued, seed, seen, keen, keep
lots, lets, lens, lend, land
lung, lang, land, rand, rank
dick, nick, nice, nine, nina
kind, wind, wine, wide, ride
belt, bolt, boot, root, roof
suck, sick, sink, sins, wins
wish, wise, wire, wore, sore
dave, dame, dome, dose, lose
home, rome, rose, rise, wise
film, firm, farm, warm, wars
fans, cans, cars, mars, mark
fold, fond, bond, bone, lone
bond, bone, bore, born, porn
bolt, belt, bell, ball, tall
josh, jose, dose, dome, dame
copy, cops, caps, cats, bats
roll, toll, told, fold, food
zone, done, dont, font, fort
wide, wise, rise, rose, rosa
pole, pile, pine, wine, wide
poet, port, fort, form, firm
fell, hell, held, hold, gold
mean, sean, seal, sell, self
reef, reed, feed, fled, flew
wife, wine, nine, nice, vice
wore, word, ford, fold, gold
karl, carl, call, hall, hull
earl, carl, care, dare, date
torn, tory, tony, pony, pond
take, fake, face, race, rack
comp, come, cone, lone, love
mick, mice, mike, make, take
firm, form, ford, food, mood
reid, reed, seed, sees, sets
wood, good, gold, golf, wolf
pope, pole, poll, pool, wool
take, tape, rape, rope, nope
wash, cash, case, care, dare
ward, warn, barn, bare, base
poor, pool, fool, food, mood
rice, mice, mile, mill, jill
mall, call, carl, earl, ears
hand, hans, hats, rats, rays
ross, rose, role, cole, cold
fade, fare, care, cure, pure
tape, cape, care, carl, karl
ways, wars, cars, care, cure
wash, bash, bass, bats, cats
ross, moss, miss, mins, sins
port, sort, sore, some, same
sell, seal, seas, sets, jets
cold, cole, core, more, mere
lens, less, loss, lose, pose
wade, wide, ride, rice, rico
make, male, sale, sole, sold
drew, grew, grey, prey, prep
hide, wide, wade, wave, dave
seat, feat, felt, fell, fall
sony, tony, tons, toys, boys
tear, hear, heal, hell, hill
fort, font, dont, dong, hong
ears, bars, bare, bake, sake
lamb, lame, lime, line, fine
gosh, josh, jose, lose, love
hate, mate, male, mile, file
sale, tale, tall, tell, sell
held, hold, fold, fond, font
pull, full, fill, file, fire
hans, hand, rand, raid, rail
norm, form, farm, fare, face
wore, sore, sort, soft, sofa
fear, dear, dead, lead, lend
bold, hold, hole, hope, pope
good, food, foot, boot, boom
wang, want, cant, cast, east
well, will, pill, pile, pole
note, nate, late, lane, lang
rich, rice, ride, tide, time
cars, carl, call, tall, talk
ease, base, bare, bark, bank
cure, care, cart, cast, east
worn, wore, wire, hire, hike
wise, wire, fire, fare, fame
race, rate, rats, rays, ways
worn, wore, core, care, cage
been, bean, mean, meat, meet
pile, file, fill, fell, feel
boom, boot, bolt, bold, hold
lift, list, lost, post, port
nail, tail, tall, tale, sale
milk, mile, mine, line, lane
bend, lend, lens, lets, pets
bets, lets, lots, logs, dogs
damn, dame, dome, dope, pope
beta, bets, bits, kits, kiss
cuts, cats, cans, cant, cent
tips, tits, sits, sins, mins
flag, flat, feat, heat, head
halt, salt, sale, sole, cole
want, cant, cart, care, dare
pick, pink, pine, pile, pill
last, fast, fact, face, lace
sake, fake, fare, farm, warm
wish, dish, disk, dick, duck
base, case, cape, cope, nope
risk, rick, rice, mice, mike
rats, bats, bass, bash, nash
line, fine, find, fond, fold
hire, wire, wore, work, york
park, pork, fork, ford, fold
cave, care, bare, bark, back
look, took, tool, toll, tall
cape, case, cash, dash, dish
gets, lets, lots, logs, logo
cart, cant, cent, tent, test
cart, carl, call, mall, mill
wine, pine, pile, pale, yale
came, lame, lime, line, pine
rose, rise, rice, rick, mick
coat, boat, bolt, belt, bell
wire, wine, pine, pink, pick
fade, fate, rate, rats, rays
sink, sins, sons, tons, tops
boss, bass, bats, hats, hans
give, live, love, lone, zone
lane, land, lend, send, sent
gray, pray, play, clay, clan
poem, poet, post, most, moss
tons, tone, bone, bond, band
sits, sins, mins, miss, mess
bats, hats, hans, hang, yang
cape, tape, tale, pale, palm
pale, pace, pack, park, para
cars, cats, bats, bath, path
poll, pole, pose, post, poet
rare, rate, hate, hats, hits
save, wave, wade, wide, wine
bull, pull, poll, pole, pope
type, hype, hope, nope, note
fill, till, toll, told, todd
five, fine, line, lane, late
mode, node, none, done, dong
fake, fare, bare, bars, ears
foul, fool, foot, root, roof
jack, back, bark, bare, base
wire, wise, rise, rice, race
gone, none, note, nate, nato
flee, fled, feed, feel, heel
vibe, vice, rice, rise, risk
date, dare, fare, fire, tire
rail, raid, reid, reed, seed
eats, bats, bass, base, ease
juan, joan, join, coin, corn
laid, raid, reid, read, dead
hell, hall, hail, rail, rain
lone, tone, tons, tens, lens
mill, bill, bell, belt, bolt
sort, sore, core, cone, lone
park, dark, dare, fare, farm
walt, halt, hall, hail, jail
seat, seal, sell, bell, bull
half, hall, hail, mail, main
mill, mile, mice, rice, ride
wall, call, carl, cars, bars
mint, mine, nine, none, tone
time, tide, ride, rode, role
pure, cure, core, cope, pope
dick, dock, cock, cook, cool
path, math, mate, late, lace
loud, lord, cord, core, cure
hats, hate, fate, fare, fire
mood, food, fond, find, fine
foul, fool, wool, wood, word
dale, male, mile, mice, nice
sang, lang, lane, late, rate
read, lead, lend, bend, bent
meme, mere, more, bore, bare
dick, rick, rack, rank, tank
corp, cord, ford, form, norm
miss, mins, wins, wing, wang
lack, back, bark, bare, bore
core, care, cart, cant, cunt
file, fine, nine, none, note
lean, lead, load, lord, word
hall, fall, fill, file, five
joke, jose, lose, lost, last
near, neat, seat, seas, sets
yale, sale, sole, sold, gold
fear, feat, feet, feed, seed
rail, raid, rand, rank, rack
tape, cape, caps, cars, wars
call, carl, care, cake, coke
halt, hart, cart, care, bare
wide, wire, fire, file, fill
earn, barn, bare, fare, fame
ward, hard, hand, hang, sang
told, toll, tall, tail, jail
pale, male, mall, hall, half
rice, mice, mile, mill, will
hope, hole, hold, bold, bald
mask, mark, park, pack, pace
hard, card, cord, lord, loud
heal, hear, heir, hair, fair
firm, farm, fare, fake, make
piss, pins, sins, sims, sums
bald, bold, bond, bone, none
fork, ford, food, fool, foul
solo, sole, sale, salt, walt
cars, care, came, camp, lamp
vice, rice, race, rate, gate
hull, hell, heal, hear, fear
toss, boss, bass, base, ease
role, cole, cold, told, todd
none, done, dont, wont, went
tory, tony, tone, done, dont
boss, bass, base, case, cave
beds, bees, sees, seem, stem
sure, sore, some, home, hope
bars, cars, cart, cant, cent
line, link, sink, sick, suck
tall, tale, dale, dave, gave
form, firm, fire, tire, time
pays, pass, bass, bash, dash
mins, sins, sons, sony, tony
hits, hats, cats, caps, cops
chen, then, teen, been, beef
rose, rome, some, same, sake
rail, tail, tall, tale, pale
love, live, five, fire, firm
cold, cord, corp, coup, soup
cups, cops, cope, nope, note
porn, port, fort, font, dont
west, best, belt, bolt, bout
sage, sale, sole, hole, hold
well, will, mill, mile, mice
goat, coat, coal, cool, tool
nate, rate, race, rack, back
roll, toll, tell, hell, help
name, came, care, carl, karl
made, mode, more, sore, sure
foam, form, farm, harm, hart
coin, corn, core, care, cars
safe, sale, male, mile, mill
thin, chin, chip, ship, slip
copy, cope, cole, cold, fold
jake, make, mike, mile, mild
lane, land, laid, paid, pain
mate, date, dare, dark, mark
boat, beat, bear, dear, deer
yang, wang, want, went, tent
case, care, card, hard, hand
wade, made, male, mall, fall
nick, nice, nine, fine, finn
joke, coke, cone, tone, tony
luke, like, line, lone, long
good, gold, bold, bolt, belt
roll, toll, tall, tail, jail
nude, node, none, lone, line
yard, card, care, came, name
heir, hear, heat, seat, stat
sets, sees, seed, feed, fled
marc, mark, dark, dare, dave
laid, land, lane, lone, zone
band, land, lane, jane, june
goes, toes, tons, tens, tent
punk, pink, pine, fine, five
earl, carl, care, core, cone
bury, burn, barn, bark, dark
move, love, lone, done, dong
lend, land, band, bald, ball
wall, call, carl, care, cave
dare, date, mate, math, bath
bill, mill, milk, mick, kick
mall, fall, fill, file, five
seed, send, sand, band, bald
nuts, nets, lets, less, mess
dong, done, lone, lane, lake
coal, coat, cost, post, port
card, cord, ford, fond, pond
fill, bill, ball, bald, band
reef, reed, feed, feel, peel
vote, note, nope, hope, hype
tiny, tony, tone, bone, bore
free, fred, feed, seed, seek
cats, cans, cant, cent, bent
lisa, list, lost, lose, rose
cube, cure, care, cage, wage
rats, rate, rage, sage, safe
desk, disk, dish, dash, nash
neil, nail, hail, hair, heir
cure, core, cone, done, dong
beth, bath, bash, bush, bust
rock, rick, rice, ride, wide
talk, tall, call, carl, care
bike, bake, fake, face, fact
wind, wine, wide, wade, made
coat, boat, beat, bent, bend
land, lend, tend, tent, text
mate, date, dame, damn, dawn
slap, swap, swan, sean, seas
cats, bats, bass, mass, miss
give, five, fine, find, fond
sole, pole, pile, file, film
type, tape, rape, rate, gate
rose, rise, rice, nice, nick
kirk, kick, dick, disk, dish
bank, band, sand, said, sail
mick, rick, rice, ride, tide
tony, tory, torn, town, down
come, rome, rose, rise, risk
bold, cold, cord, corn, coin
june, jane, lane, lame, name
role, pole, pale, palm, calm
cows, cops, cope, core, corn
note, none, done, dong, kong
goin, coin, chin, thin, than
math, bath, bats, bars, bare
fire, fine, wine, wing, ring
lack, back, bank, bang, hang
fuel, full, fall, call, calm
sake, bake, bare, bark, park
jane, june, tune, tone, tons
wars, ward, word, ford, fond
wide, side, site, sits, kits
ball, bell, belt, bent, kent
dame, lame, lime, life, lift
hill, hell, heal, hear, wear
bell, belt, bolt, boot, boom
cake, jake, joke, jose, pose
date, late, lane, lang, bang
moss, miss, mins, mint, hint
lucy, luck, duck, deck, heck
aunt, hunt, hint, mint, mins
near, fear, feat, felt, fell
bore, wore, were, here, hero
date, dame, dome, done, tone
last, list, lift, life, wife
hint, mint, mine, pine, pink
gone, cone, cole, role, roll
bass, bats, bets, lets, legs
hard, card, cord, cold, gold
rice, rise, rose, dose, dome
cone, lone, line, mine, mind
feet, feat, seat, sean, scan
race, rare, care, cure, curb
wire, wise, rise, rice, rico
life, lift, list, lost, cost
boss, loss, lost, list, lift
peak, leak, lead, lend, bend
swan, sean, dean, dear, gear
nike, mike, make, cake, came
gate, date, dale, tale, tall
lack, pack, park, pork, fork
rays, ways, wars, cars, card
beam, bean, lean, lead, lend
same, some, rome, rode, ride
cups, caps, cape, came, name
jade, jane, lane, land, lend
tube, cube, cure, care, cart
matt, mate, male, mile, file
gave, gate, nate, note, node
fail, fall, mall, male, mate
barn, bars, bass, boss, loss
life, live, love, lose, dose
hers, here, hire, tire, tide
fist, list, lost, loss, moss
coup, corp, corn, coin, chin
seas, sets, bets, bats, bass
nate, mate, male, mile, mild
bare, bars, bass, boss, boys
more, wore, wire, wife, wifi
norm, form, farm, fare, fate
land, lane, lame, dame, damn
goat, boat, beat, bent, sent
coup, corp, corn, coin, doin
role, rode, mode, made, wade
lift, list, fist, fast, fact
meet, feet, feed, seed, send
time, lime, line, lone, bone
beta, bets, bats, hats, hans
sail, tail, tall, toll, poll
sang, hang, hand, hard, hart
same, some, dome, done, dong
hold, fold, ford, fork, pork
wish, wise, wire, fire, firm
live, five, fire, fare, bare
kane, kate, date, dale, sale
none, node, rode, rude, rule
ways, wars, bars, bare, bore
wake, lake, lane, land, lend
easy, ease, base, bare, barn
nude, node, note, nate, date
dope, rope, rode, ride, wide
bats, cats, caps, cops, cows
alan, clan, chan, chat, coat
mins, mine, line, lane, late
head, lead, load, lord, cord
deaf, leaf, lead, lend, tend
test, tent, went, want, wang
july, jury, bury, busy, bust
maps, caps, cape, cage, page
lose, lone, line, fine, finn
hunt, cunt, cant, cart, carl
lake, lace, lack, back, buck
mini, mins, miss, moss, ross
rico, rick, rock, cock, cook
vast, past, part, park, bark
some, same, sake, lake, like
then, teen, been, bean, bear
fate, fare, bare, bars, mars
note, nope, cope, cape, cafe
palm, calm, call, wall, well
note, nate, name, same, sake
role, cole, core, cord, ford
pays, pass, bass, bags, bugs
lens, less, mess, mass, pass
mate, male, pale, pole, pose
wine, wide, wade, wage, cage
miss, mass, mars, ears, earn
cast, cash, bash, bath, path
heal, hell, fell, fill, file
kids, kiss, piss, pass, past
hole, cole, core, care, carl
save, cave, care, cars, mars
bias, bits, bats, bags, tags
lost, last, cast, cant, cunt
cave, care, carl, call, ball
news, nets, sets, sits, site
fist, list, lost, post, port
bolt, belt, bell, fell, feel
kent, bent, belt, bell, yell
cole, core, corn, torn, turn
gain, rain, rail, tail, tall
rape, rate, nate, note, vote
bend, bond, bone, bore, more
long, song, sang, sand, said
sand, said, sail, hail, haul
lead, lend, bend, bond, bold
cell, call, carl, care, came
food, fold, hold, hole, hope
meet, feet, fees, sees, seen
stan, sean, mean, meat, melt
feat, heat, heal, hell, hull
work, wore, core, care, cage
rear, fear, feat, flat, flag
tell, bell, bull, bulk, buck
role, roll, toll, tell, sell
less, lets, bets, bees, fees
more, mode, rode, rose, ross
fake, fare, bare, bars, bags
eats, hats, hate, gate, game
aims, sims, sins, sing, king
nine, nice, nick, kick, kirk
harm, hart, cart, cant, want
code, mode, made, mate, matt
tall, toll, tool, fool, foot
sang, lang, lane, lake, like
form, farm, fare, fate, late
dive, dave, dare, rare, race
wind, wine, wire, wore, bore
sold, fold, food, mood, moon
site, bite, bike, nike, nine
pull, pill, pile, pale, palm
wipe, pipe, pile, pill, hill
bike, like, lake, lane, lang
lame, lime, time, tire, hire
jade, jane, june, jung, hung
kiss, kids, aids, adds, odds
self, sell, hell, heal, hear
east, ease, case, cape, tape
full, fell, feel, feed, seed
fare, farm, harm, hard, hand
tape, cape, care, carl, earl
dave, dare, dark, park, pork
bias, bits, bats, bass, boss
fire, fare, bare, bars, bass
till, toll, poll, pole, pope
most, post, port, pork, work
tony, tone, done, dong, doug
cape, care, carl, call, cell
rick, rack, race, face, fade
pose, rose, rise, wise, wire
note, none, nine, fine, find
page, cage, case, cast, last
bait, bail, ball, bill, fill
give, live, love, move, mode
piss, miss, mins, mine, mice
fund, fond, ford, word, wore
chat, that, than, then, they
card, care, core, cope, pope
jane, june, jung, sung, song
tips, tops, toss, moss, miss
boat, bolt, bold, cold, cord
fred, feed, seed, seem, stem
wear, bear, beat, belt, bolt
here, hire, wire, wise, wish
lose, lone, cone, core, corp
make, mike, like, live, dive
make, lake, lane, lone, zone
mild, mile, male, make, fake
were, wire, fire, fare, farm
said, sand, hand, hard, hart
pile, pill, till, toll, tool
vent, bent, best, bust, must
nope, none, done, dont, font
fade, made, male, mile, milk
want, cant, cans, cats, rats
turn, torn, porn, port, fort
none, lone, lose, lost, most
seed, feed, feel, fell, tell
bass, pass, piss, kiss, kids
hunt, cunt, cant, want, wait
nice, nine, wine, wing, sing
earl, carl, cart, cast, fast
gate, gave, save, sage, saga
male, mile, mike, bike, bite
hans, hang, hong, song, sons
sins, sing, sang, lang, land
bets, beth, bath, math, mate
pope, pole, poll, pool, poor
rule, rude, ride, rice, vice
gang, wang, wing, wine, wire
pony, pond, bond, bend, send
boyd, bond, fond, find, wind
wear, bear, beat, bent, went
lang, land, lend, lens, tens
lord, cord, core, coke, cake